Redditor,_,file,Lexical diversity,Mean Word Length,Mean Sentence Length,STDEV Sentence Length,Mean paragraph Length,Document Length,Commas,Semicolons,Quotations,Exclamations,Colons,Hyphens,Double Hyphens,and,but,however,if,that,more,must,might,this,very
MemoryDealers,"Unknown","bitcoin/stylometry/redditors/MemoryDealers.txt",14.3467,7.30239,14.3345,12.9025,274.828,136367,24.9206,0.036487,0,5.65549,6.05685,0.218922,0.437844,14.4489,3.68519,0.036487,2.07976,12.734,4.12303,0.401357,0.218922,5.25413,1.53246
nullc,"Unknown","bitcoin/stylometry/redditors/nullc.txt",7.66462,8.10274,21.8665,15.5487,190.625,781022,26.6538,1.9322,0,0.919781,4.84374,0.297771,6.40538,17.4824,4.76433,0.0992569,3.42767,16.0796,2.74611,0.337473,0.674947,4.61875,1.06536
Contrarian__,"Unknown","bitcoin/stylometry/redditors/Contrarian__.txt",9.98393,7.0496,14.2705,12.5288,40.0787,331160,34.7502,0.525855,0,3.41805,4.83494,0.832603,0.160678,14.1104,3.33041,0.116857,2.71691,17.5869,1.98656,0.204499,0.379784,6.38329,0.84721
jonald_fyookball,"Unknown","bitcoin/stylometry/redditors/jonald_fyookball.txt",12.9386,7.40929,13.3892,10.1617,113.615,206874,26.1707,0.780862,0,1.72736,5.79731,0.260287,0.615224,15.1676,4.23558,0.047325,3.57303,11.9732,2.69752,0.425925,0.402262,6.45986,0.922837
_pokkst,"Unknown","bitcoin/stylometry/redditors/_pokkst.txt",25.235,6.5515,12.279,10.9113,233.947,25568,33.9171,0.184332,0,15.8525,27.4654,0.368664,0,14.9309,4.42396,0.184332,2.94931,9.21659,0.921659,0.184332,0.184332,5.71429,0.737327
jessquit,"Unknown","bitcoin/stylometry/redditors/jessquit.txt",10.913,7.38287,15.6451,13.2955,90.1963,339247,27.9381,0.49811,0,1.77269,5.18621,1.47968,0.410208,16.8185,3.06191,0.190454,2.84216,16.0421,2.22685,0.49811,0.49811,6.28498,1.04017
jtoomim,"Unknown","bitcoin/stylometry/redditors/jtoomim.txt",7.59281,8.17758,17.6882,15.3899,142.015,681575,37.6119,0.600427,0,0.474411,4.84048,0.274269,0.504062,15.5147,3.49878,0.0370634,2.72787,16.7008,2.96507,0.0963648,1.03036,4.01767,0.867283
deadalnix,"Unknown","bitcoin/stylometry/redditors/deadalnix.txt",12.4456,7.19996,13.6147,9.24663,208.728,213113,39.774,0.201785,0,1.27797,5.44819,1.18829,0.0224205,14.3043,4.46168,0.201785,2.75772,13.7438,3.04919,0.403569,0.044841,6.2329,2.6232
Peter__R,"Unknown","bitcoin/stylometry/redditors/Peter__R.txt",8.14907,8.15785,18.8359,11.7533,129,503880,28.7656,0.868318,0,2.50399,6.13881,0.212031,1.57509,14.2667,3.03911,0.201935,3.31173,17.4774,3.16028,0.424063,0.535127,6.51239,1.10054
Chris_Pacia,"Unknown","bitcoin/stylometry/redditors/Chris_Pacia.txt",9.89602,7.34488,15.81,9.75169,115.923,313066,13.3979,0.190491,0,0.412731,2.34939,0.603222,0.190491,14.6361,3.73045,0.158743,4.36543,14.144,3.31772,0.317486,0.698468,5.38138,1.28582
Egon_1,"Unknown","bitcoin/stylometry/redditors/Egon_1.txt",15.9155,7.86963,14.2581,12.2411,49.3213,183989,33.1633,0.085034,0,8.27664,10.4875,16.695,0.396825,21.2302,1.95578,0.0566893,2.12585,8.67347,2.55102,0.141723,0.368481,3.88322,1.44558
